laureano,laureano123,Laureano,Aguirre,socio,2023-11-06
jorge,jorge123,Jorge,Ramirez,cervecero,2023-11-20
juan,juan123,Juan,Fernandez,mozo,2023-11-20
alan,alan123,Alan,Gomez,cocinero,2023-11-27
paula,paula123,Paula,Moreno,bartender,2023-12-02
carlos,carlos123,Carlos,Messi,cocinero,2023-12-05
